目標,請求記号,書名,著者,出版者,出版年,ISBN,紀伊國屋,カーリル
00,002-ｶ ,SDGsの時代に探究・研究を進めるガイドブック - 社会からはじまり社会にめぐる、科学の考え方,狩野光伸∥著,培風館,2022.6,9784563019334,https://www.kinokuniya.co.jp/f/dsg-01-9784563019334,https://calil.jp/book/9784563019334
00,318-ｱ ,持続可能なまちづくりとSDGs - 地域の脱炭素化、地域内グリーン経済循環、女性参画・地域共生社会を目指して,荒井壽夫∥著,八朔社,2023.8,9784860141134,https://www.kinokuniya.co.jp/f/dsg-01-9784860141134,https://calil.jp/book/9784860141134
00,333-ｲ ,SDGsの教科書 - 10代からの地球の守り方,フジテレビCSR・SDGs推進プロジェクト∥編、池上彰ほか∥著,誠文堂新光社,2022.3,9784416522165,https://www.kinokuniya.co.jp/f/dsg-01-9784416522165,https://calil.jp/book/9784416522165
00,333-ｳﾞ ,地図とデータで見るSDGsの世界ハンドブック,イヴェット・ヴェレ∥著、ポール・アルヌー∥著、蔵持不三也∥訳、クレール・ルヴァスール∥地図製作,原書房,2022.12,9784562072057,https://www.kinokuniya.co.jp/f/dsg-01-9784562072057,https://calil.jp/book/9784562072057
00,333-ｶ ,持続可能な開発目標とは何か - 2030年へ向けた変革のアジェンダ,蟹江憲史∥編著,ミネルヴァ書房,2017.3,9784623077793,https://www.kinokuniya.co.jp/f/dsg-01-9784623077793,https://calil.jp/book/9784623077793
00,333-ｻ ,社会科学からみるSDGs,桜井愛子∥編著、平体由美∥編著,小鳥遊書房,2022.4,9784909812803,https://www.kinokuniya.co.jp/f/dsg-01-9784909812803,https://calil.jp/book/9784909812803
00,333-ﾊﾞ ,60分でわかる!SDGs超入門,バウンド∥著、功能聡子∥監修、佐藤寛∥監修,技術評論社,2019.11,9784297109691,https://www.kinokuniya.co.jp/f/dsg-01-9784297109691,https://calil.jp/book/9784297109691
00,333-ﾎ ,やさしい英語でSDGs! - 地球の課題(Global Issues)を英語で学び、未来を語ろう!,本間正人∥著、山本ミッシェールのぞみ∥著,合同出版,2021.3,9784772614504,https://www.kinokuniya.co.jp/f/dsg-01-9784772614504,https://calil.jp/book/9784772614504
00,333-ﾐ ,未来を変える目標SDGsアイデアブック,Think、the、Earth∥編著、蟹江憲史∥監修、ロビン西∥マンガ,Think the Earth,2018.5,9784877385132,https://www.kinokuniya.co.jp/f/dsg-01-9784877385132,https://calil.jp/book/9784877385132
00,335-ｻ ,SDGs見るだけノート - 基礎知識とビジネスチャンスにつなげた成功事例が丸わかり!,笹谷秀光∥監修,宝島社,2020.5,9784299004512,https://www.kinokuniya.co.jp/f/dsg-01-9784299004512,https://calil.jp/book/9784299004512
00,335-ﾀ ,SDGsアイデア大全 - 「利益を増やす」と「社会を良くする」を両立させる,竹内謙礼∥著,技術評論社,2023.4,9784297133948,https://www.kinokuniya.co.jp/f/dsg-01-9784297133948,https://calil.jp/book/9784297133948
00,335-ﾐ ,SDGsが生み出す未来のビジネス,水野雅弘∥著、原裕∥著,インプレス,2020.6,9784295008965,https://www.kinokuniya.co.jp/f/dsg-01-9784295008965,https://calil.jp/book/9784295008965
00,374-ﾌ ,SDGsと防災教育 - 持続可能な社会をつくるための自然理解,藤岡達也∥著,大修館書店,2021.8,9784469269154,https://www.kinokuniya.co.jp/f/dsg-01-9784469269154,https://calil.jp/book/9784469269154
00,519-ｱ ,あなたの暮らしが世界を変える - 持続可能な未来がわかる絵本,阿部治∥監修、野田研一∥監修、浦本典子∥イラスト,山と溪谷社,2007.9,9784635310246,https://www.kinokuniya.co.jp/f/dsg-01-9784635310246,https://calil.jp/book/9784635310246
00,617-ｺ ,コーヒーで読み解くSDGs,Jos´e.・川島良彰∥著、池本幸生∥著、山下加夏∥著,ポプラ社,2021.3,9784591169681,https://www.kinokuniya.co.jp/f/dsg-01-9784591169681,https://calil.jp/book/9784591169681
01,338-ﾐ ,世界の貧困をなくすための50の質問 途上国債務と私たち,ダミアン・ミレー∥著、エリック・トゥーサン∥著,柘植書房新社,2006,4806805408,https://www.kinokuniya.co.jp/f/dsg-01-4806805408,https://calil.jp/book/4806805408
01,361-ｻ ,実力も運のうち - 能力主義は正義か?,マイケル・サンデル∥著,早川書房,2021.4,9784152100160,https://www.kinokuniya.co.jp/f/dsg-01-9784152100160,https://calil.jp/book/9784152100160
01,366-ﾜ ,ワーキングプア - 日本を蝕む病,NHKスペシャル『ワーキングプア』取材班∥編,ポプラ社,2007.6,9784591098271,https://www.kinokuniya.co.jp/f/dsg-01-9784591098271,https://calil.jp/book/9784591098271
01,367-ｷ ,私は自分のパイを求めるだけであって人類を救いにきたわけじゃない,キム・ジナ∥著,祥伝社,2021.7,9784396617608,https://www.kinokuniya.co.jp/f/dsg-01-9784396617608,https://calil.jp/book/9784396617608
01,368-ｲ ,絶対貧困 - 世界最貧民の目線,石井光太∥著,光文社,2009.3,9784334975623,https://www.kinokuniya.co.jp/f/dsg-01-9784334975623,https://calil.jp/book/9784334975623
01,368-ｲ ,貧困の戦後史 - 貧困の「かたち」はどう変わったのか,岩田正美∥著,筑摩書房,2017.12,9784480016591,https://www.kinokuniya.co.jp/f/dsg-01-9784480016591,https://calil.jp/book/9784480016591
01,368-ｼ ,世界の貧困 1日1ドルで暮らす人びと,ジェレミー・シーブルック∥著,青土社,2005,4791761995,https://www.kinokuniya.co.jp/f/dsg-01-4791761995,https://calil.jp/book/4791761995
01,368-ﾕ ,どんとこい、貧困!,湯浅誠∥著、100%ORANGE∥装画・挿画,理論社,2009.6,9784652078464,https://www.kinokuniya.co.jp/f/dsg-01-9784652078464,https://calil.jp/book/9784652078464
01,369-ｱ ,社会保障と保育は「子どもの貧困」にどう応えるか - 子育てのセーフティネットを提案する,浅井春夫∥著,自治体研究社,2009.7,9784880375359,https://www.kinokuniya.co.jp/f/dsg-01-9784880375359,https://calil.jp/book/9784880375359
01,369-ｺ ,子どもの貧困ハンドブック,松本伊智朗∥編著、湯澤直美∥編著、平湯真人∥編著、山野良一∥編著、中嶋哲彦∥編著、「なくそう!子どもの貧困」全国ネットワーク∥編,かもがわ出版,2016.11,9784780308143,https://www.kinokuniya.co.jp/f/dsg-01-9784780308143,https://calil.jp/book/9784780308143
01,369-ﾕ ,貧困襲来,湯浅誠∥著,山吹書店,2007.7,9784903295107,https://www.kinokuniya.co.jp/f/dsg-01-9784903295107,https://calil.jp/book/9784903295107
01,369-ﾜ ,子どもの貧困 - 未来へつなぐためにできること,渡辺由美子∥著,水曜社,2018.5,9784880654393,https://www.kinokuniya.co.jp/f/dsg-01-9784880654393,https://calil.jp/book/9784880654393
01,S367-ｲ ,ルポ貧困女子,飯島裕子∥著,岩波書店,2016.9,9784004316213,https://www.kinokuniya.co.jp/f/dsg-01-9784004316213,https://calil.jp/book/9784004316213
01,S367-ﾌ ,貧困世代 - 社会の監獄に閉じ込められた若者たち,藤田孝典∥著,講談社,2016.3,9784062883580,https://www.kinokuniya.co.jp/f/dsg-01-9784062883580,https://calil.jp/book/9784062883580
01,S368-ｲ ,ルポ若者ホームレス,飯島裕子∥著、ビッグイシュー基金∥著,筑摩書房,2011.1,9784480065896,https://www.kinokuniya.co.jp/f/dsg-01-9784480065896,https://calil.jp/book/9784480065896
01,S368-ﾂ ,ルポ貧困大国アメリカ,堤未果∥著,岩波書店,2008.1,9784004311126,https://www.kinokuniya.co.jp/f/dsg-01-9784004311126,https://calil.jp/book/9784004311126
01,S368-ﾂ ,〈株〉貧困大国アメリカ,堤未果∥著,岩波書店,2013.6,9784004314301,https://www.kinokuniya.co.jp/f/dsg-01-9784004314301,https://calil.jp/book/9784004314301
01,S368-ﾕ ,反貧困 - 「すべり台社会」からの脱出,湯浅誠∥著,岩波書店,2008.4,9784004311249,https://www.kinokuniya.co.jp/f/dsg-01-9784004311249,https://calil.jp/book/9784004311249
02,304-ｾ 3,世界がもし100人の村だったら - たべもの編,池田香代子∥編、マガジンハウス∥編,マガジンハウス,2004.12,4838715463,https://www.kinokuniya.co.jp/f/dsg-01-4838715463,https://calil.jp/book/4838715463
02,333-ﾀ ,世界から貧しさをなくす30の方法,田中優、編、樫田秀樹∥編、マエキタミヤコ∥編,合同出版,2006,4772603778,https://www.kinokuniya.co.jp/f/dsg-01-4772603778,https://calil.jp/book/4772603778
02,333-ﾆ ,世界と地球の困った現実 - まんがで学ぶ開発教育,日本国際飢餓対策機構∥編、みなみななみ∥まんが,明石書店,2003.1,4750317985,https://www.kinokuniya.co.jp/f/dsg-01-4750317985,https://calil.jp/book/4750317985
02,610-ﾎ 2,テーマで探究世界の食・農林漁業・環境 - ほんとうのサステナビリティってなに? 食と農のSDGs,関根佳恵∥編著,農山漁村文化協会,2023.2,9784540221149,https://www.kinokuniya.co.jp/f/dsg-01-9784540221149,https://calil.jp/book/9784540221149
02,610-ﾎ 3,テーマで探究世界の食・農林漁業・環境 - ほんとうのエコシステムってなに? 漁業・林業を知ると世界がわかる,二平章∥編著、佐藤宣子∥編著,農山漁村文化協会,2023.4,9784540221156,https://www.kinokuniya.co.jp/f/dsg-01-9784540221156,https://calil.jp/book/9784540221156
02,611-ｵ ,フードバンクという挑戦 - 貧困と飽食のあいだで,大原悦子∥著,岩波書店,2008.7,9784000246446,https://www.kinokuniya.co.jp/f/dsg-01-9784000246446,https://calil.jp/book/9784000246446
02,611-ｼ ,世界の半分が飢えるのはなぜ? - ジグレール教授がわが子に語る飢餓の真実,ジャン・ジグレール∥著、たかおまゆみ∥訳、勝俣誠∥監訳,合同出版,2003.8,4772603131,https://www.kinokuniya.co.jp/f/dsg-01-4772603131,https://calil.jp/book/4772603131
02,611-ﾐ ,食料の世界地図 - 肉・野菜の道程、食料バランス 遺伝子組換えの進展、食の変化:主食から外食まで,Erik、Millstone∥〔著〕、Tim、Lang∥〔著〕、大賀圭治∥監訳、中山里美∥訳、高田直也∥訳,丸善,2005.1,4621076426,https://www.kinokuniya.co.jp/f/dsg-01-4621076426,https://calil.jp/book/4621076426
02,615-ﾉ ,農業と食の選択が未来を変える - 医・食・環境から見る自然栽培という選択肢,赤穂達郎∥著、井上正康∥著、奥田政行∥著、夫馬賢治∥著、自然栽培協会∥監修,自然栽培協会,2023.7,9784905937999,https://www.kinokuniya.co.jp/f/dsg-01-9784905937999,https://calil.jp/book/9784905937999
03,364-ｲ ,#社会保障、はじめました。,猪熊律子∥著,SCICUS,2018.6,9784866680040,https://www.kinokuniya.co.jp/f/dsg-01-9784866680040,https://calil.jp/book/9784866680040
03,369-ｺ ,子どもによる子どものための「子どもの権利条約」,小口尚子∥文、福岡鮎美∥文,小学館,1995.8,4093871388,https://www.kinokuniya.co.jp/f/dsg-01-4093871388,https://calil.jp/book/4093871388
03,369-ｼ ,ヤングケアラーわたしの語り - 子どもや若者が経験した家族のケア・介護,澁谷智子∥編,生活書院,2020.1,9784865001181,https://www.kinokuniya.co.jp/f/dsg-01-9784865001181,https://calil.jp/book/9784865001181
03,369-ﾏ ,ヤングケアラー - 介護する子どもたち,毎日新聞取材班∥著,毎日新聞出版,2021.11,9784620327150,https://www.kinokuniya.co.jp/f/dsg-01-9784620327150,https://calil.jp/book/9784620327150
03,369-ﾐ ,生活保護リアル,みわよしこ∥著,日本評論社,2013.7,9784535586468,https://www.kinokuniya.co.jp/f/dsg-01-9784535586468,https://calil.jp/book/9784535586468
03,369-ﾓ ,よくわかる女性と福祉,森田明美∥編著,ミネルヴァ書房,2011.4,9784623059560,https://www.kinokuniya.co.jp/f/dsg-01-9784623059560,https://calil.jp/book/9784623059560
03,491-ｶ ,マンガでわかる免疫学,河本宏∥著、しおざき忍∥作画、ビーコムプラス∥制作,オーム社,2014.6,9784274050091,https://www.kinokuniya.co.jp/f/dsg-01-9784274050091,https://calil.jp/book/9784274050091
03,493-ｲ ,絵でわかる感染症 - withもやしもん,岩田健太郎∥著、石川雅之∥絵,講談社,2015.1,9784061547759,https://www.kinokuniya.co.jp/f/dsg-01-9784061547759,https://calil.jp/book/9784061547759
03,493-ｺ 1,保健室で見る感染症の本 - インフルエンザ編 いつでもどこでも無差別攻撃,近藤とも子∥著、大森真司∥絵,国土社,2013.1,9784337171015,https://www.kinokuniya.co.jp/f/dsg-01-9784337171015,https://calil.jp/book/9784337171015
03,493-ｺ 2,保健室で見る感染症の本 - 学校感染症編 学校で大あばれ!!バイキン軍団,近藤とも子∥著、大森真司∥絵,国土社,2013.2,9784337171022,https://www.kinokuniya.co.jp/f/dsg-01-9784337171022,https://calil.jp/book/9784337171022
03,493-ｺ 3,保健室で見る感染症の本 - 食中毒編 みんなをねらう、危険な敵,近藤とも子∥著、大森真司∥絵,国土社,2013.3,9784337171039,https://www.kinokuniya.co.jp/f/dsg-01-9784337171039,https://calil.jp/book/9784337171039
03,R369-ｺ 2023,子ども白書 - 特集いま、子どもの声を〈きく〉,日本子どもを守る会∥編著,かもがわ出版,2023.8,9784780312812,https://www.kinokuniya.co.jp/f/dsg-01-9784780312812,https://calil.jp/book/9784780312812
04,369-ﾖ ,フランスの子育てが、日本よりも10倍楽な理由,横田増生∥著,洋泉社,2009.3,9784862483751,https://www.kinokuniya.co.jp/f/dsg-01-9784862483751,https://calil.jp/book/9784862483751
04,370-ﾄ ,グレる。グレそう。グレたら。,東本三郎∥著,太陽出版(発売),2009.5,9784884696283,https://www.kinokuniya.co.jp/f/dsg-01-9784884696283,https://calil.jp/book/9784884696283
04,371-ﾅ ,「学力」の経済学,中室牧子∥〔著〕,ディスカヴァー・トゥエンティワン,2015.6,9784799316856,https://www.kinokuniya.co.jp/f/dsg-01-9784799316856,https://calil.jp/book/9784799316856
04,371-ﾌ ,教師が知らない「子どものスマホ・SNS」新常識 - 学校を変える可能性と危険性,藤川大祐∥著,教育開発研究所,2021.4,9784865605372,https://www.kinokuniya.co.jp/f/dsg-01-9784865605372,https://calil.jp/book/9784865605372
04,372-ｷ ,フィンランドメソッド実践テキスト - 読解力を高める世界一の教育プログラム,諸葛正弥∥著,毎日コミュニケーションズ,2008.4,9784839927868,https://www.kinokuniya.co.jp/f/dsg-01-9784839927868,https://calil.jp/book/9784839927868
04,372-ﾌ ,子どもたちに「未来の学力」を - フィンランドの学力観に学べ,福田誠治∥著,東海教育研究所,2008.12,9784486032007,https://www.kinokuniya.co.jp/f/dsg-01-9784486032007,https://calil.jp/book/9784486032007
04,372-ﾐ ,みんなの教育スウェーデンの「人を育てる」国家戦略,川崎一彦∥著、澤野由紀子∥著、鈴木賢志∥著、西浦和樹∥著、アールベリエル松井久子∥著,ミツイパブリッシング,2018.3,9784907364083,https://www.kinokuniya.co.jp/f/dsg-01-9784907364083,https://calil.jp/book/9784907364083
04,376-ｱ ,幼児から民主主義 - スウェーデンの保育実践に学ぶ,エリサベス・アルネール∥著、ソルヴェイ・ソーレマン∥著,新評論,2021.9,9784794811912,https://www.kinokuniya.co.jp/f/dsg-01-9784794811912,https://calil.jp/book/9784794811912
04,376-ﾔ ,夜間中学生―133人からのメッセージ,全国夜間中学校研究会第51回大会実行委員会∥編,東方出版,2005,9784885919817,https://www.kinokuniya.co.jp/f/dsg-01-9784885919817,https://calil.jp/book/9784885919817
05,367-ｵ ,これからの男の子たちへ - 「男らしさ」から自由になるためのレッスン,太田啓子∥著,大月書店,2020.8,9784272350476,https://www.kinokuniya.co.jp/f/dsg-01-9784272350476,https://calil.jp/book/9784272350476
05,367-ｷ ,お嬢さんと嘘と男たちのデス・ロード - ジェンダー・フェミニズム批評入門,北村紗衣∥著,文藝春秋,2022.6,9784163915609,https://www.kinokuniya.co.jp/f/dsg-01-9784163915609,https://calil.jp/book/9784163915609
05,367-ｸ ,カラフルなぼくら - 6人のティーンが語る、LGBTの心と体の遍歴,スーザン・クークリン∥著、浅尾敦則∥訳,ポプラ社,2014.7,9784591140833,https://www.kinokuniya.co.jp/f/dsg-01-9784591140833,https://calil.jp/book/9784591140833
05,367-ｺ ,女性への暴力防止・法整備のための国連ハンドブック - 政府・議員・市民団体・女性たち・男性たちに,国際連合女性の地位向上部∥著、矯風会ステップハウス∥編,梨の木舎,2011.3,9784816611056,https://www.kinokuniya.co.jp/f/dsg-01-9784816611056,https://calil.jp/book/9784816611056
05,367-ｻ ,「許せない」がやめられない - SNSで蔓延する「#怒りの快楽」依存症,坂爪真吾∥著,徳間書店,2020.6,9784198651114,https://www.kinokuniya.co.jp/f/dsg-01-9784198651114,https://calil.jp/book/9784198651114
05,367-ｼ ,女性の世界地図 - 女たちの経験・現在地・これから,ジョニー・シーガー∥著,明石書店,2020.1,9784750350844,https://www.kinokuniya.co.jp/f/dsg-01-9784750350844,https://calil.jp/book/9784750350844
05,367-ｼ ,失敗しないためのジェンダー表現ガイドブック,新聞労連ジェンダー表現ガイドブック編集チーム∥著,小学館,2022.3,9784093115100,https://www.kinokuniya.co.jp/f/dsg-01-9784093115100,https://calil.jp/book/9784093115100
05,367-ｼ ,CHOICE - 自分で選びとるための「性」の知識,シオリーヌ∥著,イースト・プレス,2020.12,9784781619378,https://www.kinokuniya.co.jp/f/dsg-01-9784781619378,https://calil.jp/book/9784781619378
05,367-ｼ ,どうして男はそうなんだろうか会議 - いろいろ語り合って見えてきた「これからの男」のこと,澁谷知美∥編、清田隆之∥編、西井開∥ほか述,筑摩書房,2022.8,9784480864796,https://www.kinokuniya.co.jp/f/dsg-01-9784480864796,https://calil.jp/book/9784480864796
05,367-ﾌ ,フェミニズムはみんなのもの - 情熱の政治学,ベル・フックス∥著、堀田碧∥訳,エトセトラブックス,2020.8,9784909910080,https://www.kinokuniya.co.jp/f/dsg-01-9784909910080,https://calil.jp/book/9784909910080
05,367-ﾌﾞ ,北欧に学ぶ小さなフェミニストの本,サッサ・ブーレグレーン∥作,岩崎書店,2018.5,9784265860449,https://www.kinokuniya.co.jp/f/dsg-01-9784265860449,https://calil.jp/book/9784265860449
05,367-ﾏ ,13歳から知っておきたいLGBT+,アシュリー・マーデル∥著,ダイヤモンド社,2017.11,9784478102961,https://www.kinokuniya.co.jp/f/dsg-01-9784478102961,https://calil.jp/book/9784478102961
05,R367-ｼﾞ 2023,女性白書 - 戦争ではなく平和を-いのち・くらし・人権,日本婦人団体連合会∥編,ほるぷ出版,2023.8,9784593104369,https://www.kinokuniya.co.jp/f/dsg-01-9784593104369,https://calil.jp/book/9784593104369
06,517-ｾ ,ゼロから理解する水の基本 - 水の安全と環境、ビジネス最前線まで,千賀裕太郎∥監修,誠文堂新光社,2013.7,9784416713686,https://www.kinokuniya.co.jp/f/dsg-01-9784416713686,https://calil.jp/book/9784416713686
06,517-ﾊ ,67億人の水,橋本淳司∥著,日本経済新聞出版社,2010,9784532316105,https://www.kinokuniya.co.jp/f/dsg-01-9784532316105,https://calil.jp/book/9784532316105
06,517-ﾌﾞ ,水の世界地図 - 刻々と変化する水と世界の問題,Maggie、Black∥著、Jannet、King∥著,丸善,2010.12,9784621082478,https://www.kinokuniya.co.jp/f/dsg-01-9784621082478,https://calil.jp/book/9784621082478
06,518-ｻ ,災害とトイレ - 緊急事態に備えた対応,日本トイレ協会∥編,柏書房,2022.7,9784760154661,https://www.kinokuniya.co.jp/f/dsg-01-9784760154661,https://calil.jp/book/9784760154661
06,518-ﾅ ,上下水道が一番わかる - 浄水から循環利用まで最重要インフラの上下水道を理解する,長沢靖之∥監修・著、井端和人∥著、片岡利夫∥著,技術評論社,2012.9,9784774152257,https://www.kinokuniya.co.jp/f/dsg-01-9784774152257,https://calil.jp/book/9784774152257
06,518-ﾊ ,明日の水は大丈夫?―バケツ1杯で考える「水」の授業,橋本淳司∥著,技術評論社,2009,978477413986,https://www.kinokuniya.co.jp/f/dsg-01-978477413986,https://calil.jp/book/978477413986
06,519-ｲ 2,池上彰のニュースに登場する世界の環境問題 - 水,池上彰∥監修、稲葉茂勝∥訳・文、サラ・レベーテ∥原著,さ・え・ら書房,2010.4,9784378011929,https://www.kinokuniya.co.jp/f/dsg-01-9784378011929,https://calil.jp/book/9784378011929
07,334-ｱ ,世界がわかる資源データブック - 激化する争奪のゆくえ,安部直文∥著,第三文明社,2016.7,9784476033595,https://www.kinokuniya.co.jp/f/dsg-01-9784476033595,https://calil.jp/book/9784476033595
07,450-ﾋ ,地学・資源・エネルギーのすごい話 - 難しいことはわかりませんが、日本の未来が明るくなるニュースを教えてください,ひつじさん∥著,KADOKAWA,2023.3,9784046061133,https://www.kinokuniya.co.jp/f/dsg-01-9784046061133,https://calil.jp/book/9784046061133
07,501-ｲ 1,見学!自然エネルギー大図鑑 - 太陽光・風力発電,飯田哲也∥監修,偕成社,2012.3,9784036361106,https://www.kinokuniya.co.jp/f/dsg-01-9784036361106,https://calil.jp/book/9784036361106
07,501-ｲ 2,見学!自然エネルギー大図鑑 - 地熱・小水力発電ほか,飯田哲也∥監修,偕成社,2012.4,9784036361205,https://www.kinokuniya.co.jp/f/dsg-01-9784036361205,https://calil.jp/book/9784036361205
07,501-ﾄ ,再生可能エネルギーの地政学,十市勉∥著,エネルギーフォーラム,2023.7,9784885555367,https://www.kinokuniya.co.jp/f/dsg-01-9784885555367,https://calil.jp/book/9784885555367
07,501-ﾔ ,新しい世界の資源地図 - エネルギー・気候変動・国家の衝突,ダニエル・ヤーギン∥著,東洋経済新報社,2022.2,9784492444665,https://www.kinokuniya.co.jp/f/dsg-01-9784492444665,https://calil.jp/book/9784492444665
07,501-ﾔ ,成長戦略としての「新しい再エネ」 - 地熱、洋上風力、ペロブスカイト太陽電池が日本を救う!,山口豊∥著,山と溪谷社,2022.11,9784635310475,https://www.kinokuniya.co.jp/f/dsg-01-9784635310475,https://calil.jp/book/9784635310475
07,519-ｲ 8,池上彰のニュースに登場する世界の環境問題 - 貧困,池上彰∥監修、稲葉茂勝∥訳・文、キャサリン・チャンバーズ∥原著,さ・え・ら書房,2011.3,9784378012285,https://www.kinokuniya.co.jp/f/dsg-01-9784378012285,https://calil.jp/book/9784378012285
07,519-ｲ 10,池上彰のニュースに登場する世界の環境問題 - エネルギー,池上彰∥監修、稲葉茂勝∥訳・文、アンジェラ・ロイストン∥原著,さ・え・ら書房,2011.4,9784378012308,https://www.kinokuniya.co.jp/f/dsg-01-9784378012308,https://calil.jp/book/9784378012308
07,543-ｶ ,みんなの知らない世界の原子力,海外電力調査会∥編著,日本電気協会新聞部,2017.3,9784905217626,https://www.kinokuniya.co.jp/f/dsg-01-9784905217626,https://calil.jp/book/9784905217626
07,543-ｶ 3,高校教師かわはら先生の原発出前授業 - これからのお話-核のゴミとエネルギーの未来-,川原茂雄∥著,明石書店,2012.12,9784750337296,https://www.kinokuniya.co.jp/f/dsg-01-9784750337296,https://calil.jp/book/9784750337296
07,S543-ﾀ ,ご当地電力はじめました!,高橋真樹∥著,岩波書店,2015.1,9784005007950,https://www.kinokuniya.co.jp/f/dsg-01-9784005007950,https://calil.jp/book/9784005007950
08,304-ﾖ ,日本の進む道 - 成長とは何だったのか,養老孟司∥著、藻谷浩介∥著,毎日新聞出版,2023.3,9784620327723,https://www.kinokuniya.co.jp/f/dsg-01-9784620327723,https://calil.jp/book/9784620327723
08,318-ﾌ ,官製ワーキングプア - 自治体の非正規雇用と民間委託,布施哲也∥著,七つ森書館,2008.7,9784822808709,https://www.kinokuniya.co.jp/f/dsg-01-9784822808709,https://calil.jp/book/9784822808709
08,330-ﾅ ,図解90分でわかる経済のしくみ - 物価の決まりかたから仮想通貨まで,長瀬勝彦∥著,ディスカヴァー・トゥエンティワン,2018.3,9784799322468,https://www.kinokuniya.co.jp/f/dsg-01-9784799322468,https://calil.jp/book/9784799322468
08,331-ｱ “経済学入門”の巻,レモンをお金にかえる法,ルイズ・アームストロング∥ぶん、ビル・バッソ∥え、佐和隆光∥やく,河出書房新社,2005.5,430924341X,https://www.kinokuniya.co.jp/f/dsg-01-430924341X,https://calil.jp/book/430924341X
08,331-ｺ ,高校生からの経済入門,中央大学経済学部∥編,中央大学出版部,2017.8,9784805727102,https://www.kinokuniya.co.jp/f/dsg-01-9784805727102,https://calil.jp/book/9784805727102
08,332-ﾏ ,14歳からの資本主義 - 君たちが大人になるころの未来を変えるために,丸山俊一∥著,大和書房,2019.2,9784479796749,https://www.kinokuniya.co.jp/f/dsg-01-9784479796749,https://calil.jp/book/9784479796749
08,335-ｼ ,まんが超訳『論語と算盤』,渋沢栄一∥原作、守屋淳∥監修、山本時嗣∥シナリオ、今谷鉄柱∥漫画構成、新津タカヒト∥作画,光文社,2020.1,9784334951337,https://www.kinokuniya.co.jp/f/dsg-01-9784334951337,https://calil.jp/book/9784334951337
08,338-ｴ ,N/S高投資部の教科書 - 読んだら一生お金に困らない,N、S高投資部∥著、村上世彰∥監修,東洋経済新報社,2021.12,9784492733608,https://www.kinokuniya.co.jp/f/dsg-01-9784492733608,https://calil.jp/book/9784492733608
08,366-ｲ ,マジで使える労働法 - 賢く働くためのサバイバル術,今野晴貴∥著,イースト・プレス,2009.6,9784781601786,https://www.kinokuniya.co.jp/f/dsg-01-9784781601786,https://calil.jp/book/9784781601786
08,366-ｵ ,ブラックバイト,大内裕和∥著、今野晴貴∥著,堀之内出版,2015.4,9784906708574,https://www.kinokuniya.co.jp/f/dsg-01-9784906708574,https://calil.jp/book/9784906708574
08,366-ﾉ ,女性に伝えたい未来が変わる働き方 - 新しい生き方のヒントが見つかる、二極化時代の新提言,野村浩子∥著,KADOKAWA,2017.2,9784046016218,https://www.kinokuniya.co.jp/f/dsg-01-9784046016218,https://calil.jp/book/9784046016218
08,366-ﾊ ,女子のための「手に職」図鑑 - 一生困らない,華井由利奈∥著,光文社,2018.8,9784334950415,https://www.kinokuniya.co.jp/f/dsg-01-9784334950415,https://calil.jp/book/9784334950415
08,366-ﾌﾞ ,マンガでわかるブラック企業 - 人を使い捨てる会社に壊されないために,ブラック企業大賞実行委員会∥編、佐々木亮∥法律監修、松元千枝∥著、古川琢也∥著、川村遼平∥著,合同出版,2013.8,9784772611268,https://www.kinokuniya.co.jp/f/dsg-01-9784772611268,https://calil.jp/book/9784772611268
08,519-ｳ ,地球温暖化と経済成長 日本の役割を問う 岩波ﾌﾞｯｸﾚｯﾄ no.439,宇沢弘文∥編、国則守生∥編,岩波書店,1997,4000033794,https://www.kinokuniya.co.jp/f/dsg-01-4000033794,https://calil.jp/book/4000033794
08,B304-ﾗ ,経済成長がなければ私たちは豊かになれないのだろうか,C.ダグラス・ラミス∥著,平凡社,2004.9,4582765130,https://www.kinokuniya.co.jp/f/dsg-01-4582765130,https://calil.jp/book/4582765130
08,S331-ﾋ ,経済成長という病 - 退化に生きる、我ら,平川克美∥著,講談社,2009.4,9784062879927,https://www.kinokuniya.co.jp/f/dsg-01-9784062879927,https://calil.jp/book/9784062879927
08,S519-ﾀ ,地球持続学のすすめ,武内和彦∥著,岩波書店,2007.6,9784005005680,https://www.kinokuniya.co.jp/f/dsg-01-9784005005680,https://calil.jp/book/9784005005680
09,007-ｱ ,NFTの教科書 - ビジネス・ブロックチェーン・法律・会計までデジタルデータが資産になる未来,天羽健介∥編著、増田雅史∥編著,朝日新聞出版,2021.1,9784022517975,https://www.kinokuniya.co.jp/f/dsg-01-9784022517975,https://calil.jp/book/9784022517975
09,007-ｵ ,いちばんやさしいAI〈人工知能〉超入門,大西可奈子∥著,マイナビ出版,2018.3,9784839965594,https://www.kinokuniya.co.jp/f/dsg-01-9784839965594,https://calil.jp/book/9784839965594
09,007-ｶ ,21世紀最強の職業Web系エンジニアになろう - AI/DX時代を生き抜くためのキャリアガイドブック,勝又健太∥著,実業之日本社,2020.11,9784408339337,https://www.kinokuniya.co.jp/f/dsg-01-9784408339337,https://calil.jp/book/9784408339337
09,007-ｻ ,世界2.0 - メタバースの歩き方と創り方,佐藤航陽∥著,幻冬舎,2022.3,9784344039544,https://www.kinokuniya.co.jp/f/dsg-01-9784344039544,https://calil.jp/book/9784344039544
09,304-ｵ ,超AI時代の生存戦略 - 〈2040年代〉シンギュラリティに備える34のリスト,落合陽一∥著,大和書房,2017.3,9784479795612,https://www.kinokuniya.co.jp/f/dsg-01-9784479795612,https://calil.jp/book/9784479795612
09,304-ｵ ,日本再興戦略,落合陽一∥著,幻冬舎,2018.1,9784344032170,https://www.kinokuniya.co.jp/f/dsg-01-9784344032170,https://calil.jp/book/9784344032170
09,467-ﾘ ,CRISPRってなんだろう? - 14歳からわかる遺伝子編集の倫理,ヨローナ・リッジ∥著、アレックス・ボーズマ∥画、坪子理美∥訳,化学同人,2023.8,9784759823448,https://www.kinokuniya.co.jp/f/dsg-01-9784759823448,https://calil.jp/book/9784759823448
09,495-ﾖ ,フェムテック - 女性の健康課題を解決するテクノロジー,吉岡範人∥著,幻冬舎メディアコンサルティング,2023.3,9784344941731,https://www.kinokuniya.co.jp/f/dsg-01-9784344941731,https://calil.jp/book/9784344941731
09,502-ｾ ,世界を変えた60人の偉人たち - 新しい時代を拓いたテクノロジー,東京電機大学∥編,東京電機大学出版局,2019.7,9784501631901,https://www.kinokuniya.co.jp/f/dsg-01-9784501631901,https://calil.jp/book/9784501631901
09,504-ﾃﾞ ,2030年 - すべてが「加速」する世界に備えよ,ピーター・ディアマンディス∥著、スティーブン・コトラー∥著,ニューズピックス,2020.12,9784910063133,https://www.kinokuniya.co.jp/f/dsg-01-9784910063133,https://calil.jp/book/9784910063133
09,B304-ﾊ ,21 Lessons - 21世紀の人類のための21の思考,ユヴァル・ノア・ハラリ∥著、柴田裕之∥訳,河出書房新社,2021.11,9784309467450,https://www.kinokuniya.co.jp/f/dsg-01-9784309467450,https://calil.jp/book/9784309467450
10,B304-ﾎ ,軋む社会 - 教育・仕事・若者の現在,本田由紀∥著,河出書房新社,2011.6,9784309410906,https://www.kinokuniya.co.jp/f/dsg-01-9784309410906,https://calil.jp/book/9784309410906
10,S302-ｲ ,23区格差,池田利道∥著,中央公論新社,2015.11,9784121505422,https://www.kinokuniya.co.jp/f/dsg-01-9784121505422,https://calil.jp/book/9784121505422
10,S304-ﾀ ,世界はなぜ地獄になるのか,橘玲∥著,小学館,2023.8,9784098254576,https://www.kinokuniya.co.jp/f/dsg-01-9784098254576,https://calil.jp/book/9784098254576
10,S304-ﾀ ,格差社会 - 何が問題なのか,橘木俊詔∥著,岩波書店,2006.9,4004310334,https://www.kinokuniya.co.jp/f/dsg-01-4004310334,https://calil.jp/book/4004310334
10,S304-ﾀ ,無理ゲー社会,橘玲∥著,小学館,2021.8,9784098254002,https://www.kinokuniya.co.jp/f/dsg-01-9784098254002,https://calil.jp/book/9784098254002
10,S304-ﾆ ,2035年の世界地図 - 失われる民主主義 破裂する資本主義,エマニュエル・トッド∥著、マルクス・ガブリエル∥著、ジャック・アタリ∥著、ブランコ・ミラノビッチ∥著、東浩紀∥著、市原麻衣子∥著、小川さやか∥著、與那覇潤∥著,朝日新聞出版,2023.2,9784022952059,https://www.kinokuniya.co.jp/f/dsg-01-9784022952059,https://calil.jp/book/9784022952059
10,S312-ﾐ ,日本の分断 - 私たちの民主主義の未来について,三浦瑠麗∥著,文藝春秋,2021.2,9784166612987,https://www.kinokuniya.co.jp/f/dsg-01-9784166612987,https://calil.jp/book/9784166612987
10,S335-ｺ ,ブラック企業 - 日本を食いつぶす妖怪,今野晴貴∥著,文芸春秋,2012.11,9784166608874,https://www.kinokuniya.co.jp/f/dsg-01-9784166608874,https://calil.jp/book/9784166608874
10,S361-ﾐ 第1章,下流社会 - 新たな階層集団の出現,三浦展∥著,光文社,2005.9,4334033210,https://www.kinokuniya.co.jp/f/dsg-01-4334033210,https://calil.jp/book/4334033210
10,S361-ﾐ 第2章,下流社会 - なぜ男は女に“負けた”のか,三浦展∥著,光文社,2007.9,9784334034177,https://www.kinokuniya.co.jp/f/dsg-01-9784334034177,https://calil.jp/book/9784334034177
10,S366-ｱ ,搾取される若者たち - バイク便ライダーは見た!,阿部真大∥著,集英社,2006.1,4087203611,https://www.kinokuniya.co.jp/f/dsg-01-4087203611,https://calil.jp/book/4087203611
10,S366-ｳ ,女たちのサバイバル作戦,上野千鶴子∥著,文藝春秋,2013.9,9784166609338,https://www.kinokuniya.co.jp/f/dsg-01-9784166609338,https://calil.jp/book/9784166609338
10,S366-ｵ ,競争と公平感 - 市場経済の本当のメリット,大竹文雄∥著,中央公論新社,2010.3,9784121020451,https://www.kinokuniya.co.jp/f/dsg-01-9784121020451,https://calil.jp/book/9784121020451
10,S366-ｶ ,ワーキングプア - いくら働いても報われない時代が来る,門倉貴史∥著,宝島社,2006.11,4796655336,https://www.kinokuniya.co.jp/f/dsg-01-4796655336,https://calil.jp/book/4796655336
10,S367-ｶ ,差別は思いやりでは解決しない - ジェンダーやLGBTQから考える,神谷悠一∥著,集英社,2022.8,9784087212266,https://www.kinokuniya.co.jp/f/dsg-01-9784087212266,https://calil.jp/book/9784087212266
10,S367-ｸ ,無業社会 - 働くことができない若者たちの未来,工藤啓∥著、西田亮介∥著,朝日新聞出版,2014.6,9784022735652,https://www.kinokuniya.co.jp/f/dsg-01-9784022735652,https://calil.jp/book/9784022735652
10,S368-ｽ ,最貧困女子,鈴木大介∥著,幻冬舎,2014.9,9784344983618,https://www.kinokuniya.co.jp/f/dsg-01-9784344983618,https://calil.jp/book/9784344983618
10,S368-ﾆ ,女子高生の裏社会 - 「関係性の貧困」に生きる少女たち,仁藤夢乃∥著,光文社,2014.8,9784334038144,https://www.kinokuniya.co.jp/f/dsg-01-9784334038144,https://calil.jp/book/9784334038144
10,S368-ﾐ ,どうしても頑張れない人たち - ケーキの切れない非行少年たち 2,宮口幸治∥著,新潮社,2021.4,9784106109034,https://www.kinokuniya.co.jp/f/dsg-01-9784106109034,https://calil.jp/book/9784106109034
10,S368-ﾐ ,ケーキの切れない非行少年たち,宮口幸治∥著,新潮社,2019.7,9784106108204,https://www.kinokuniya.co.jp/f/dsg-01-9784106108204,https://calil.jp/book/9784106108204
10,S372-ﾏ ,新しい「教育格差」,増田ユリヤ∥著,講談社,2009.6,9784062879934,https://www.kinokuniya.co.jp/f/dsg-01-9784062879934,https://calil.jp/book/9784062879934
10,S376-ｱ ,ルポ教育困難校,朝比奈なを∥著,朝日新聞出版,2019.7,9784022950314,https://www.kinokuniya.co.jp/f/dsg-01-9784022950314,https://calil.jp/book/9784022950314
11,317-ﾖ ,開いて守る - 安全・安心のコミュニティづくりのために,吉原直樹∥著,岩波書店,2007.1,9784000093927,https://www.kinokuniya.co.jp/f/dsg-01-9784000093927,https://calil.jp/book/9784000093927
11,318-ｺ ,地域再生 - 逆境から生まれる新たな試み,香坂玲∥著,岩波書店,2012.1,9784002708515,https://www.kinokuniya.co.jp/f/dsg-01-9784002708515,https://calil.jp/book/9784002708515
11,518-ﾄ ,東京トモグラフ,価値総合研究所∥著,,2022.7,0000000000,https://www.kinokuniya.co.jp/f/dsg-01-0000000000,https://calil.jp/book/0000000000
11,S318-ｷ ,まちづくり幻想 - 地域再生はなぜこれほど失敗するのか,木下斉∥著,SBクリエイティブ,2021.3,9784815609122,https://www.kinokuniya.co.jp/f/dsg-01-9784815609122,https://calil.jp/book/9784815609122
11,S318-ﾑ ,地方自治のしくみがわかる本,村林守∥著,岩波書店,2016.2,9784005008230,https://www.kinokuniya.co.jp/f/dsg-01-9784005008230,https://calil.jp/book/9784005008230
11,S334-ﾏ ,地方消滅 - 東京一極集中が招く人口急減,増田寛也∥編著,中央公論新社,2014.8,9784121022820,https://www.kinokuniya.co.jp/f/dsg-01-9784121022820,https://calil.jp/book/9784121022820
11,S518-ｷ ,水道、再び公営化! - 欧州・水の闘いから日本が学ぶこと,岸本聡子∥著,集英社,2020.3,9784087211139,https://www.kinokuniya.co.jp/f/dsg-01-9784087211139,https://calil.jp/book/9784087211139
11,S518-ﾊ ,若者のためのまちづくり,服部圭郎∥著,岩波書店,2013.8,9784005007523,https://www.kinokuniya.co.jp/f/dsg-01-9784005007523,https://calil.jp/book/9784005007523
12,380-ｲ ,大江戸リサイクル事情,石川英輔∥著,講談社,1994,4062070499,https://www.kinokuniya.co.jp/f/dsg-01-4062070499,https://calil.jp/book/4062070499
12,518-ｶ ,かしこいリサイクルQ&A 岩波ﾌﾞｯｸﾚｯﾄ no.531,加藤三郎∥編著,岩波書店,2001,4000092316,https://www.kinokuniya.co.jp/f/dsg-01-4000092316,https://calil.jp/book/4000092316
12,519-ｲ 4,池上彰のニュースに登場する世界の環境問題 - ゴミ,池上彰∥監修、稲葉茂勝∥訳・文、アンジェラ・ロイストン∥原著,さ・え・ら書房,2010.4,9784378011943,https://www.kinokuniya.co.jp/f/dsg-01-9784378011943,https://calil.jp/book/9784378011943
12,519-ｵ 1,くらしの中の化学物質 わたしたちの未来があぶない 1 ダイオキシンのはなし,,小峰書店,1999,4338160012,https://www.kinokuniya.co.jp/f/dsg-01-4338160012,https://calil.jp/book/4338160012
12,519-ｵ 2,くらしの中の化学物質 わたしたちの未来があぶない 2 環境ホルモンのはなし,,小峰書店,1999,4338160020,https://www.kinokuniya.co.jp/f/dsg-01-4338160020,https://calil.jp/book/4338160020
12,519-ｵ 3,くらしの中の化学物質 わたしたちの未来があぶない 3 くらしと化学物質,,小峰書店,1999,4338160039,https://www.kinokuniya.co.jp/f/dsg-01-4338160039,https://calil.jp/book/4338160039
12,519-ｼ ,新・  今「ゴミ」が危ない 最新版地球環境白書 Gakken mook 新・「驚異の科学」シリーズ 3,,学習研究社,1998,4056017794,https://www.kinokuniya.co.jp/f/dsg-01-4056017794,https://calil.jp/book/4056017794
12,519-ﾅ ,「想い」と「アイデア」で世界を変える - ゴミを宝に変えるすごい仕組み株式会社ナカダイの挑戦,中台澄之∥著,SBクリエイティブ,2016.12,9784797388794,https://www.kinokuniya.co.jp/f/dsg-01-9784797388794,https://calil.jp/book/9784797388794
12,S518-ｻ ,ゴミと化学物質 岩波新書 新赤版562,酒井伸一∥著,岩波書店,1998,4004305624,https://www.kinokuniya.co.jp/f/dsg-01-4004305624,https://calil.jp/book/4004305624
12,S518-ｽ ,ゴミ分別の異常な世界 - リサイクル社会の幻想,杉本裕明∥著、服部美佐子∥著,幻冬舎,2009.7,9784344981331,https://www.kinokuniya.co.jp/f/dsg-01-9784344981331,https://calil.jp/book/9784344981331
12,S518-ﾀ ,リサイクル幻想,武田邦彦∥著,文芸春秋,2000.1,4166601318,https://www.kinokuniya.co.jp/f/dsg-01-4166601318,https://calil.jp/book/4166601318
12,S518-ﾀ ,産業廃棄物 岩波新書 新赤版182,高杉晋吾∥著,岩波書店,1991,4004301823,https://www.kinokuniya.co.jp/f/dsg-01-4004301823,https://calil.jp/book/4004301823
12,S518-ﾖ ,ごみとリサイクル 岩波新書 新赤版149,寄本勝美∥著,岩波書店,1990,4004301491,https://www.kinokuniya.co.jp/f/dsg-01-4004301491,https://calil.jp/book/4004301491
12,S518-ﾖ ,リサイクル社会への道 岩波新書 新赤版857,寄本勝美∥著,岩波書店,2003,4004308577,https://www.kinokuniya.co.jp/f/dsg-01-4004308577,https://calil.jp/book/4004308577
12,S519-ﾅ ,大量廃棄社会 - アパレルとコンビニの不都合な真実,仲村和代∥著、藤田さつき∥著,光文社,2019.4,9784334044053,https://www.kinokuniya.co.jp/f/dsg-01-9784334044053,https://calil.jp/book/9784334044053
12,S519-ﾊ ,ごみから地球を考える,八太昭道∥著,岩波書店,2006.11,4005005497,https://www.kinokuniya.co.jp/f/dsg-01-4005005497,https://calil.jp/book/4005005497
12,S519-ﾐ ,ゼロエミッションと日本経済 岩波新書 新赤版491,三橋規宏∥著,岩波書店,1997,4004304911,https://www.kinokuniya.co.jp/f/dsg-01-4004304911,https://calil.jp/book/4004304911
12,S519-ﾖ ,はじめて学ぶ環境倫理 - 未来のために「しくみ」を問う,吉永明弘∥著,筑摩書房,2021.12,9784480684165,https://www.kinokuniya.co.jp/f/dsg-01-9784480684165,https://calil.jp/book/9784480684165
12,S578-ｸ ,生物とコラボする - バイオプラスチックの未来,工藤律子∥著,岩波書店,2013.11,9784005007592,https://www.kinokuniya.co.jp/f/dsg-01-9784005007592,https://calil.jp/book/9784005007592
13,369-ｷ ,水害列島日本の挑戦 - ウィズコロナの時代の地球温暖化への処方箋,気候変動による水害研究会∥著、日経コンストラクション∥編,日経BP,2020.11,9784296107537,https://www.kinokuniya.co.jp/f/dsg-01-9784296107537,https://calil.jp/book/9784296107537
13,369-ｻ ,図解身近にあふれる「自然災害」が3時間でわかる本 - 思わずだれかに話したくなる,左巻健男∥編著,明日香出版社,2021.9,9784756921680,https://www.kinokuniya.co.jp/f/dsg-01-9784756921680,https://calil.jp/book/9784756921680
13,369-ｼ 1,どっちを選ぶ?クイズで学ぶ!自然災害サバイバル - 地震,木原実∥監修、大野直人∥イラスト,日本図書センター,2020.4,9784284204552,https://www.kinokuniya.co.jp/f/dsg-01-9784284204552,https://calil.jp/book/9784284204552
13,369-ｼ 2,どっちを選ぶ?クイズで学ぶ!自然災害サバイバル - 水害,木原実∥監修、小松亜紗美∥イラスト,日本図書センター,2020.4,9784284204569,https://www.kinokuniya.co.jp/f/dsg-01-9784284204569,https://calil.jp/book/9784284204569
13,450-ﾅ ,地球がもし100cmの球だったら,永井智哉∥文、木野鳥乎∥絵,世界文化社,2002.9,4418025197,https://www.kinokuniya.co.jp/f/dsg-01-4418025197,https://calil.jp/book/4418025197
13,451-ｷ ,グレタのねがい - 地球をまもり未来に生きる,ヴァレンティナ・キャメリニ∥著,西村書店,2020.1,9784867060070,https://www.kinokuniya.co.jp/f/dsg-01-9784867060070,https://calil.jp/book/9784867060070
13,451-ｼﾞ ,グレタと立ち上がろう - 気候変動の世界を救うための18章,ヴァレンティナ・ジャンネッラ∥著、マヌエラ・マラッツィ∥イラスト,岩崎書店,2020.2,9784265860487,https://www.kinokuniya.co.jp/f/dsg-01-9784265860487,https://calil.jp/book/9784265860487
13,452-ﾊﾞ ,とけてゆく地球 - 氷河が伝える温暖化の真実,ジェームズ・バローグ∥文・写真,日経ナショナルジオグラフィック社,2009.6,9784863130753,https://www.kinokuniya.co.jp/f/dsg-01-9784863130753,https://calil.jp/book/9784863130753
13,519-ｲ 1,池上彰のニュースに登場する世界の環境問題 - 気候変動,池上彰∥監修、稲葉茂勝∥訳・文、アンジェラ・ロイストン∥原著,さ・え・ら書房,2010.3,9784378011912,https://www.kinokuniya.co.jp/f/dsg-01-9784378011912,https://calil.jp/book/9784378011912
13,519-ｺﾞ ,不都合な真実 - ECO入門編,アル・ゴア∥著,ランダムハウス講談社,2007.6,9784270002261,https://www.kinokuniya.co.jp/f/dsg-01-9784270002261,https://calil.jp/book/9784270002261
13,519-ｽ ,いのちの中にある地球―最終講義:持続可能な未来のために,デヴィッド・スズキ∥著,日本放送出版協会,2010,978414081436,https://www.kinokuniya.co.jp/f/dsg-01-978414081436,https://calil.jp/book/978414081436
13,519-ｽ ,地球温暖化とのつきあいかた,杉山大志∥著,ウェッジ,2014.9,9784863101333,https://www.kinokuniya.co.jp/f/dsg-01-9784863101333,https://calil.jp/book/9784863101333
13,519-ｽ 4,実践!体験!みんなでストップ温暖化 - 地域と家庭で!地球を守るエコ活動,住明正∥監修,学研教育出版,2011.2,9784055007894,https://www.kinokuniya.co.jp/f/dsg-01-9784055007894,https://calil.jp/book/9784055007894
13,519-ﾀ ,環境教育 善意の落とし穴 クレスコファイル,田中優∥著,大月書店,2009,9784272408016,https://www.kinokuniya.co.jp/f/dsg-01-9784272408016,https://calil.jp/book/9784272408016
13,519-ﾀ ,環境問題はなぜウソがまかり通るのか,武田邦彦∥著,洋泉社,2008.1,9784862483324,https://www.kinokuniya.co.jp/f/dsg-01-9784862483324,https://calil.jp/book/9784862483324
13,R519-ｶ 令和5年版,環境白書 - 循環型社会白書、生物多様性白書,環境省大臣官房総合政策課∥編集、環境省環境再生・資源循環局総務課循環型社会推進室∥編集、環境省自然環境局自然環境計画課生物多様性戦略推進室∥編集,日経印刷,2023.6,9784865793673,https://www.kinokuniya.co.jp/f/dsg-01-9784865793673,https://calil.jp/book/9784865793673
13,S451-ｺ ,地球温暖化は解決できるのか - パリ協定から未来へ!,小西雅子∥著,岩波書店,2016.7,9784005008377,https://www.kinokuniya.co.jp/f/dsg-01-9784005008377,https://calil.jp/book/9784005008377
13,S451-ﾓ ,いま、この惑星で起きていること - 気象予報士の眼に映る世界,森さやか∥著,岩波書店,2022.7,9784005009541,https://www.kinokuniya.co.jp/f/dsg-01-9784005009541,https://calil.jp/book/9784005009541
13,S519-ｲ ,酸性雨 岩波新書 新赤版230,石弘之∥著,岩波書店,1992,4004302307,https://www.kinokuniya.co.jp/f/dsg-01-4004302307,https://calil.jp/book/4004302307
14,519-ｹﾞ ,脱プラスチックへの挑戦 - 持続可能な地球と世界ビジネスの潮流,堅達京子∥著、NHK、BS1スペシャル取材班∥著,山と溪谷社,2020.2,9784635310413,https://www.kinokuniya.co.jp/f/dsg-01-9784635310413,https://calil.jp/book/9784635310413
14,519-ﾌﾟ ,プラスチックの現実と未来へのアイデア - みんなで考えたい,高田秀重∥監修,東京書籍,2019.8,9784487812608,https://www.kinokuniya.co.jp/f/dsg-01-9784487812608,https://calil.jp/book/9784487812608
14,519-ﾓ ,プラスチックスープの海 - 北太平洋巨大ごみベルトは警告する,チャールズ・モア∥著、カッサンドラ・フィリップス∥著,NHK出版,2012.8,9784140815601,https://www.kinokuniya.co.jp/f/dsg-01-9784140815601,https://calil.jp/book/9784140815601
14,519-ﾕ ,海の放射能汚染,湯浅一郎∥著,緑風出版,2012.6,9784846112097,https://www.kinokuniya.co.jp/f/dsg-01-9784846112097,https://calil.jp/book/9784846112097
14,519-ﾖ ,沖縄 海は泣いている - 「赤土汚染」とサンゴの海,吉嶺全二∥著,高文研,1991.7,4874981259,https://www.kinokuniya.co.jp/f/dsg-01-4874981259,https://calil.jp/book/4874981259
14,S519-ｼ ,海はゴミ箱じゃない!,眞淳平∥著,岩波書店,2008.7,9784005006014,https://www.kinokuniya.co.jp/f/dsg-01-9784005006014,https://calil.jp/book/9784005006014
15,S454-ﾈ ,砂漠化ってなんだろう,根本正之∥著,岩波書店,2007.2,9784005005468,https://www.kinokuniya.co.jp/f/dsg-01-9784005005468,https://calil.jp/book/9784005005468
15,S481-ﾀ ,動物を守りたい君へ,高槻成紀∥著,岩波書店,2013.1,9784005007554,https://www.kinokuniya.co.jp/f/dsg-01-9784005007554,https://calil.jp/book/9784005007554
15,S501-ｷ ,バイオマスは地球環境を救えるか,木谷収∥著,岩波書店,2007.11,9784005005789,https://www.kinokuniya.co.jp/f/dsg-01-9784005005789,https://calil.jp/book/9784005005789
15,S519-ｺ ,地球温暖化の最前線,小西雅子∥著,岩波書店,2009.11,9784005006403,https://www.kinokuniya.co.jp/f/dsg-01-9784005006403,https://calil.jp/book/9784005006403
15,S519-ｺ ,生物多様性と私たち - COP10から未来へ,香坂玲∥著,岩波書店,2011.5,9784005006823,https://www.kinokuniya.co.jp/f/dsg-01-9784005006823,https://calil.jp/book/9784005006823
15,S519-ﾆ ,アマゾンで地球環境を考える,西沢利栄∥著,岩波書店,2005.8,4005005160,https://www.kinokuniya.co.jp/f/dsg-01-4005005160,https://calil.jp/book/4005005160
15,S519-ﾜ ,さとやま - 生物多様性と生態系模様,鷲谷いづみ∥著,岩波書店,2011.6,9784005006861,https://www.kinokuniya.co.jp/f/dsg-01-9784005006861,https://calil.jp/book/9784005006861
15,S654-ﾀ ,獣害列島 - 増えすぎた日本の野生動物たち,田中淳夫∥著,イースト・プレス,2020.1,9784781651279,https://www.kinokuniya.co.jp/f/dsg-01-9784781651279,https://calil.jp/book/9784781651279
15,S654-ﾀ ,割り箸はもったいない? - 食卓からみた森林問題,田中淳夫∥著,筑摩書房,2007.5,9784480063649,https://www.kinokuniya.co.jp/f/dsg-01-9784480063649,https://calil.jp/book/9784480063649
16,134-ｶ ,永遠平和のために,カント∥著,綜合社,2007.11,9784777710102,https://www.kinokuniya.co.jp/f/dsg-01-9784777710102,https://calil.jp/book/9784777710102
16,304-ｱ ,北朝鮮のミサイルはなぜ日本に落ちないのか - 国民は両建構造に騙されている,秋嶋亮∥著,白馬社,2018.6,9784907872243,https://www.kinokuniya.co.jp/f/dsg-01-9784907872243,https://calil.jp/book/9784907872243
16,311-ﾁ ,〈公正〉を乗りこなす - 正義の反対は別の正義か,朱喜哲∥著,太郎次郎社エディタス,2023.9,9784811808604,https://www.kinokuniya.co.jp/f/dsg-01-9784811808604,https://calil.jp/book/9784811808604
16,311-ﾏ ,これからの「正義」の話をしよう―いまを生き延びるための哲学,マイケル・サンデル∥著,早川書房,2010,9784152091314,https://www.kinokuniya.co.jp/f/dsg-01-9784152091314,https://calil.jp/book/9784152091314
16,312-ｵ ,沖縄の自立と日本 - 「復帰」40年の問いかけ,大田昌秀∥著、新川明∥著、稲嶺惠一∥著、新崎盛暉∥著,岩波書店,2013.8,9784000259095,https://www.kinokuniya.co.jp/f/dsg-01-9784000259095,https://calil.jp/book/9784000259095
16,316-ﾀ ,テロリズム,チャールズ・タウンゼンド∥著,岩波書店,2003.9,4000268643,https://www.kinokuniya.co.jp/f/dsg-01-4000268643,https://calil.jp/book/4000268643
16,316-ﾍ ,ヘイトスピーチってなに?レイシズムってどんなこと? - ,のりこえねっと∥編、石井ポンペ∥ほか著,七つ森書館,2014.4,9784822814007,https://www.kinokuniya.co.jp/f/dsg-01-9784822814007,https://calil.jp/book/9784822814007
16,316-ﾍﾞ ,娘に語る人種差別,タハール・ベン・ジェルーン∥著,青土社,2017.3,9784791769759,https://www.kinokuniya.co.jp/f/dsg-01-9784791769759,https://calil.jp/book/9784791769759
16,319-ｻ ,中村哲という希望 - 日本国憲法を実行した男,佐高信∥著、高世仁∥著,旬報社,2024.1,9784845118458,https://www.kinokuniya.co.jp/f/dsg-01-9784845118458,https://calil.jp/book/9784845118458
16,319-ｻ ,平和のための名言集,早乙女勝元∥編,大和書房,2012.8,9784479392316,https://www.kinokuniya.co.jp/f/dsg-01-9784479392316,https://calil.jp/book/9784479392316
16,319-ｽ ,よし、戦争について話をしよう。戦争の本質について話をしようじゃないか! - オリバー・ストーンが語る日米史の真実,オリバー・ストーン∥著、ピーター・カズニック∥著、乗松聡子∥著,金曜日,2014.8,9784906605965,https://www.kinokuniya.co.jp/f/dsg-01-9784906605965,https://calil.jp/book/9784906605965
16,319-ﾀ ,世界はなぜ仲良くできないの? - 暴力の連鎖を解くために,竹中千春∥著,阪急コミュニケーションズ,2004.6,4484042096,https://www.kinokuniya.co.jp/f/dsg-01-4484042096,https://calil.jp/book/4484042096
16,319-ﾄ ,ウクライナ戦争は世界をどう変えたか - 「独裁者の論理」と試される「日本の論理」,豊島晋作∥著,KADOKAWA,2022.8,9784046059314,https://www.kinokuniya.co.jp/f/dsg-01-9784046059314,https://calil.jp/book/9784046059314
16,319-ﾌ ,「正しい戦争」は本当にあるのか - 論理としての平和主義,藤原帰一∥著,ロッキング・オン,2003.12,4860520319,https://www.kinokuniya.co.jp/f/dsg-01-4860520319,https://calil.jp/book/4860520319
16,319-ﾎﾞ ,最新世界紛争地図,パスカル・ボニファス∥著、ユベール・ヴェドリーヌ∥著,ディスカヴァー・トゥエンティワン,2020.8,9784799326657,https://www.kinokuniya.co.jp/f/dsg-01-9784799326657,https://calil.jp/book/9784799326657
16,319-ﾔ ,日本はなぜ、「戦争ができる国」になったのか,矢部宏治∥著,集英社インターナショナル,2016.5,9784797673289,https://www.kinokuniya.co.jp/f/dsg-01-9784797673289,https://calil.jp/book/9784797673289
16,319-ﾘ ,戦争のつくりかた,りぼん・ぷろじぇくと∥文、りぼん山本∥原案・監修,マガジンハウス,2004.7,4838715439,https://www.kinokuniya.co.jp/f/dsg-01-4838715439,https://calil.jp/book/4838715439
16,323-ﾖ ,「平和憲法」を持つ三つの国 - パナマ・コスタリカ・日本,吉岡逸夫∥著,明石書店,2007.9,9784750326153,https://www.kinokuniya.co.jp/f/dsg-01-9784750326153,https://calil.jp/book/9784750326153
16,323-ﾗ ,日本は、本当に平和憲法を捨てるのですか?,C.ダグラス・ラミス∥著,平凡社,2003.11,4582831842,https://www.kinokuniya.co.jp/f/dsg-01-4582831842,https://calil.jp/book/4582831842
16,B319-ﾂ ,もうひとつの核なき世界,堤未果∥著,小学館,2014.8,9784094060737,https://www.kinokuniya.co.jp/f/dsg-01-9784094060737,https://calil.jp/book/9784094060737
16,B323-ｳ ,9条どうでしょう,内田樹∥著、小田嶋隆∥著、平川克美∥著、町山智浩∥著,筑摩書房,2012.1,9784480429940,https://www.kinokuniya.co.jp/f/dsg-01-9784480429940,https://calil.jp/book/9784480429940
16,S302-ｱ ,平和ってなんだろう - 「軍隊をすてた国」コスタリカから考える,足立力也∥著,岩波書店,2009.5,9784005006229,https://www.kinokuniya.co.jp/f/dsg-01-9784005006229,https://calil.jp/book/9784005006229
16,S319-ｵ ,沖縄、基地なき島への道標,大田昌秀∥著,集英社,2000.7,4087200418,https://www.kinokuniya.co.jp/f/dsg-01-4087200418,https://calil.jp/book/4087200418
16,S319-ﾃ ,ウクライナ戦争の嘘 - 米露中北の打算・野望・本音,手嶋龍一∥著、佐藤優∥著,中央公論新社,2023.6,9784121507969,https://www.kinokuniya.co.jp/f/dsg-01-9784121507969,https://calil.jp/book/9784121507969
16,S319-ﾍﾞ ,平和をつくった世界の20人,ケン・ベラー∥著、ヘザー・チェイス∥著,岩波書店,2009.11,9784005006410,https://www.kinokuniya.co.jp/f/dsg-01-9784005006410,https://calil.jp/book/9784005006410
16,S319-ﾐ ,ウクライナ戦争と米中対立 - 帝国主義に逆襲される世界,峯村健司∥著、小泉悠∥著、鈴木一人∥著、村野将∥著、小野田治∥著、細谷雄一∥著,幻冬舎,2022.9,9784344986701,https://www.kinokuniya.co.jp/f/dsg-01-9784344986701,https://calil.jp/book/9784344986701
17,312-ﾀ,13歳からの地政学 - カイゾクとの地球儀航海,田中孝幸∥著,東洋経済新報社,2022.3,9784492444689,https://www.kinokuniya.co.jp/f/dsg-01-9784492444689,https://calil.jp/book/9784492444689
17,329-ﾏ,本当は憲法より大切な「日米地位協定入門」,前泊博盛∥編著,創元社,2013.3,9784422300528,https://www.kinokuniya.co.jp/f/dsg-01-9784422300528,https://calil.jp/book/9784422300528
17,329-ﾏ,本当は憲法より大切な「日米地位協定入門」,前泊博盛∥編著,創元社,2013.3,9784422300528,https://www.kinokuniya.co.jp/f/dsg-01-9784422300528,https://calil.jp/book/9784422300528
17,S319-ｶ,国連と日本 岩波新書 新赤版317,河辺一郎著,岩波書店,1994,4004303176,https://www.kinokuniya.co.jp/f/dsg-01-4004303176,https://calil.jp/book/4004303176
17,S329-ﾊ,国際機関ってどんなところ,原康∥著,岩波書店,2007.6,9784005005703,https://www.kinokuniya.co.jp/f/dsg-01-9784005005703,https://calil.jp/book/9784005005703
17,S331-ｻ,ゼロからの『資本論』,斎藤幸平∥著,NHK出版,2023.1,9784140886908,https://www.kinokuniya.co.jp/f/dsg-01-9784140886908,https://calil.jp/book/9784140886908
17,S451-ｲ,京都議定書は実現できるのか - CO2規制社会のゆくえ,石井孝明∥著,平凡社,2004.3,4582852181,https://www.kinokuniya.co.jp/f/dsg-01-4582852181,https://calil.jp/book/4582852181